year,mon,day,rate
1962,1,5,3.24
1962,1,12,3.32
1962,1,19,3.29
1962,1,26,3.26
1962,2,2,3.29
1962,2,9,3.29
1962,2,16,3.31
1962,2,23,3.29
1962,3,2,3.20
1962,3,9,3.15
1962,3,16,3.10
1962,3,23,2.99
1962,3,30,2.96
1962,4,6,2.91
1962,4,13,2.97
1962,4,20,3.00
1962,4,27,3.06
1962,5,4,3.06
1962,5,11,3.01
1962,5,18,3.04
1962,5,25,3.03
1962,6,1,2.98
1962,6,8,2.96
1962,6,15,2.97
1962,6,22,3.04
1962,6,29,3.16
1962,7,6,3.22
1962,7,13,3.27
1962,7,20,3.33
1962,7,27,3.32
1962,8,3,3.30
1962,8,10,3.28
1962,8,17,3.21
1962,8,24,3.15
1962,8,31,3.11
1962,9,7,3.13
1962,9,14,3.06
1962,9,21,3.04
1962,9,28,3.03
1962,10,5,2.98
1962,10,12,2.99
1962,10,19,2.96
1962,10,26,2.98
1962,11,2,2.98
1962,11,9,2.98
1962,11,16,2.99
1962,11,23,3.01
1962,11,30,3.03
1962,12,7,3.02
1962,12,14,2.99
1962,12,21,3.00
1962,12,28,3.01
1963,1,4,3.04
1963,1,11,3.03
1963,1,18,3.01
1963,1,25,3.06
1963,2,1,3.05
1963,2,8,3.00
1963,2,15,3.00
1963,2,22,3.01
1963,3,1,3.03
1963,3,8,2.99
1963,3,15,3.00
1963,3,22,3.05
1963,3,29,3.10
1963,4,5,3.08
1963,4,12,3.10
1963,4,19,3.14
1963,4,26,3.13
1963,5,3,3.11
1963,5,10,3.09
1963,5,17,3.09
1963,5,24,3.12
1963,5,31,3.19
1963,6,7,3.23
1963,6,14,3.18
1963,6,21,3.19
1963,6,28,3.19
1963,7,5,3.29
1963,7,12,3.50
1963,7,19,3.55
1963,7,26,3.51
1963,8,2,3.49
1963,8,9,3.50
1963,8,16,3.53
1963,8,23,3.55
1963,8,30,3.58
1963,9,6,3.58
1963,9,13,3.57
1963,9,20,3.58
1963,9,27,3.56
1963,10,4,3.59
1963,10,11,3.61
1963,10,18,3.64
1963,10,25,3.69
1963,11,1,3.68
1963,11,8,3.75
1963,11,15,3.77
1963,11,22,3.73
1963,11,29,3.73
1963,12,6,3.78
1963,12,13,3.80
1963,12,20,3.83
1963,12,27,3.84
1964,1,3,3.84
1964,1,10,3.81
1964,1,17,3.79
1964,1,24,3.77
1964,1,31,3.78
1964,2,7,3.74
1964,2,14,3.75
1964,2,21,3.78
1964,2,28,3.86
1964,3,6,3.91
1964,3,13,3.90
1964,3,20,3.90
1964,3,27,3.94
1964,4,3,3.95
1964,4,10,3.93
1964,4,17,3.93
1964,4,24,3.89
1964,5,1,3.85
1964,5,8,3.86
1964,5,15,3.82
1964,5,22,3.84
1964,5,29,3.84
1964,6,5,3.84
1964,6,12,3.85
1964,6,19,3.85
1964,6,26,3.82
1964,7,3,3.79
1964,7,10,3.75
1964,7,17,3.67
1964,7,24,3.71
1964,7,31,3.70
1964,8,7,3.70
1964,8,14,3.74
1964,8,21,3.75
1964,8,28,3.77
1964,9,4,3.83
1964,9,11,3.86
1964,9,18,3.85
1964,9,25,3.82
1964,10,2,3.84
1964,10,9,3.86
1964,10,16,3.87
1964,10,23,3.87
1964,10,30,3.87
1964,11,6,3.86
1964,11,13,3.85
1964,11,20,3.86
1964,11,27,4.03
1964,12,4,4.07
1964,12,11,4.03
1964,12,18,3.99
1964,12,25,4.01
1965,1,1,4.01
1965,1,8,3.94
1965,1,15,3.94
1965,1,22,3.94
1965,1,29,3.94
1965,2,5,3.98
1965,2,12,4.02
1965,2,19,4.04
1965,2,26,4.08
1965,3,5,4.10
1965,3,12,4.08
1965,3,19,4.04
1965,3,26,4.04
1965,4,2,4.04
1965,4,9,4.04
1965,4,16,4.03
1965,4,23,4.04
1965,4,30,4.04
1965,5,7,4.03
1965,5,14,4.02
1965,5,21,4.03
1965,5,28,4.04
1965,6,4,4.03
1965,6,11,4.03
1965,6,18,4.00
1965,6,25,3.94
1965,7,2,3.96
1965,7,9,3.98
1965,7,16,3.98
1965,7,23,3.98
1965,7,30,4.00
1965,8,6,4.03
1965,8,13,4.05
1965,8,20,4.07
1965,8,27,4.10
1965,9,3,4.14
1965,9,10,4.15
1965,9,17,4.17
1965,9,24,4.22
1965,10,1,4.35
1965,10,8,4.29
1965,10,15,4.26
1965,10,22,4.29
1965,10,29,4.32
1965,11,5,4.37
1965,11,12,4.38
1965,11,19,4.36
1965,11,26,4.39
1965,12,3,4.41
1965,12,10,4.61
1965,12,17,4.73
1965,12,24,4.81
1965,12,31,4.91
1966,1,7,4.90
1966,1,14,4.87
1966,1,21,4.86
1966,1,28,4.87
1966,2,4,4.88
1966,2,11,4.92
1966,2,18,4.97
1966,2,25,4.99
1966,3,4,5.01
1966,3,11,5.01
1966,3,18,5.00
1966,3,25,4.92
1966,4,1,4.91
1966,4,8,4.87
1966,4,15,4.91
1966,4,22,4.90
1966,4,29,4.91
1966,5,6,4.93
1966,5,13,4.89
1966,5,20,4.90
1966,5,27,5.00
1966,6,3,5.03
1966,6,10,5.03
1966,6,17,4.99
1966,6,24,4.87
1966,7,1,4.96
1966,7,8,5.07
1966,7,15,5.20
1966,7,22,5.22
1966,7,29,5.21
1966,8,5,5.23
1966,8,12,5.33
1966,8,19,5.59
1966,8,26,5.79
1966,9,2,5.89
1966,9,9,5.80
1966,9,16,5.91
1966,9,23,5.88
1966,9,30,5.68
1966,10,7,5.62
1966,10,14,5.60
1966,10,21,5.58
1966,10,28,5.54
1966,11,4,5.54
1966,11,11,5.61
1966,11,18,5.59
1966,11,25,5.49
1966,12,2,5.45
1966,12,9,5.44
1966,12,16,5.20
1966,12,23,5.04
1966,12,30,5.01
1967,1,6,4.93
1967,1,13,4.77
1967,1,20,4.69
1967,1,27,4.69
1967,2,3,4.61
1967,2,10,4.63
1967,2,17,4.76
1967,2,24,4.83
1967,3,3,4.69
1967,3,10,4.56
1967,3,17,4.30
1967,3,24,4.20
1967,3,31,4.15
1967,4,7,4.11
1967,4,14,4.09
1967,4,21,4.11
1967,4,28,4.11
1967,5,5,4.13
1967,5,12,4.14
1967,5,19,4.15
1967,5,26,4.18
1967,6,2,4.19
1967,6,9,4.23
1967,6,16,4.45
1967,6,23,4.55
1967,6,30,4.79
1967,7,7,5.00
1967,7,14,4.94
1967,7,21,4.98
1967,7,28,5.10
1967,8,4,5.09
1967,8,11,5.13
1967,8,18,5.10
1967,8,25,5.14
1967,9,1,5.18
1967,9,8,5.17
1967,9,15,5.21
1967,9,22,5.27
1967,9,29,5.31
1967,10,6,5.30
1967,10,13,5.33
1967,10,20,5.41
1967,10,27,5.42
1967,11,3,5.49
1967,11,10,5.63
1967,11,17,5.61
1967,11,24,5.64
1967,12,1,5.64
1967,12,8,5.71
1967,12,15,5.70
1967,12,22,5.70
1967,12,29,5.74
1968,1,5,5.63
1968,1,12,5.46
1968,1,19,5.35
1968,1,26,5.37
1968,2,2,5.35
1968,2,9,5.43
1968,2,16,5.40
1968,2,23,5.41
1968,3,1,5.44
1968,3,8,5.47
1968,3,15,5.63
1968,3,22,5.66
1968,3,29,5.60
1968,4,5,5.50
1968,4,12,5.54
1968,4,19,5.72
1968,4,26,5.91
1968,5,3,6.01
1968,5,10,6.05
1968,5,17,6.13
1968,5,24,6.32
1968,5,31,6.15
1968,6,7,6.04
1968,6,14,6.04
1968,6,21,5.94
1968,6,28,5.92
1968,7,5,5.84
1968,7,12,5.70
1968,7,19,5.69
1968,7,26,5.50
1968,8,2,5.42
1968,8,9,5.38
1968,8,16,5.48
1968,8,23,5.47
1968,8,30,5.44
1968,9,6,5.43
1968,9,13,5.50
1968,9,20,5.43
1968,9,27,5.42
1968,10,4,5.46
1968,10,11,5.57
1968,10,18,5.57
1968,10,25,5.59
1968,11,1,5.66
1968,11,8,5.72
1968,11,15,5.75
1968,11,22,5.77
1968,11,29,5.76
1968,12,6,5.96
1968,12,13,6.02
1968,12,20,6.24
1968,12,27,6.51
1969,1,3,6.44
1969,1,10,6.49
1969,1,17,6.29
1969,1,24,6.22
1969,1,31,6.32
1969,2,7,6.41
1969,2,14,6.39
1969,2,21,6.41
1969,2,28,6.43
1969,3,7,6.44
1969,3,14,6.34
1969,3,21,6.31
1969,3,28,6.27
1969,4,4,6.25
1969,4,11,6.25
1969,4,18,6.25
1969,4,25,6.28
1969,5,2,6.29
1969,5,9,6.34
1969,5,16,6.42
1969,5,23,6.42
1969,5,30,6.58
1969,6,6,6.79
1969,6,13,7.09
1969,6,20,6.91
1969,6,27,7.26
1969,7,4,7.69
1969,7,11,7.68
1969,7,18,7.53
1969,7,25,7.53
1969,8,1,7.58
1969,8,8,7.48
1969,8,15,7.58
1969,8,22,7.45
1969,8,29,7.63
1969,9,5,7.74
1969,9,12,7.80
1969,9,19,7.81
1969,9,26,7.83
1969,10,3,7.97
1969,10,10,7.82
1969,10,17,7.60
1969,10,24,7.39
1969,10,31,7.54
1969,11,7,7.68
1969,11,14,7.80
1969,11,21,8.01
1969,11,28,8.04
1969,12,5,8.02
1969,12,12,8.16
1969,12,19,8.17
1969,12,26,8.21
1970,1,2,8.34
1970,1,9,8.18
1970,1,16,8.00
1970,1,23,8.04
1970,1,30,8.15
1970,2,6,7.94
1970,2,13,7.72
1970,2,20,7.43
1970,2,27,7.21
1970,3,6,7.05
1970,3,13,6.98
1970,3,20,7.03
1970,3,27,6.79
1970,4,3,6.86
1970,4,10,6.81
1970,4,17,6.87
1970,4,24,7.18
1970,5,1,7.65
1970,5,8,7.72
1970,5,15,7.78
1970,5,22,7.72
1970,5,29,7.78
1970,6,5,7.57
1970,6,12,7.58
1970,6,19,7.60
1970,6,26,7.50
1970,7,3,7.36
1970,7,10,7.23
1970,7,17,7.06
1970,7,24,7.02
1970,7,31,7.03
1970,8,7,7.07
1970,8,14,7.17
1970,8,21,7.02
1970,8,28,6.71
1970,9,4,6.83
1970,9,11,6.86
1970,9,18,6.78
1970,9,25,6.55
1970,10,2,6.60
1970,10,9,6.52
1970,10,16,6.43
1970,10,23,6.39
1970,10,30,6.30
1970,11,6,6.11
1970,11,13,5.87
1970,11,20,5.26
1970,11,27,5.00
1970,12,4,5.04
1970,12,11,5.09
1970,12,18,4.94
1970,12,25,4.95
1971,1,1,4.96
1971,1,8,4.98
1971,1,15,4.68
1971,1,22,4.35
1971,1,29,4.26
1971,2,5,4.17
1971,2,12,3.96
1971,2,19,3.71
1971,2,26,3.68
1971,3,5,3.72
1971,3,12,3.58
1971,3,19,3.60
1971,3,26,3.71
1971,4,2,3.95
1971,4,9,4.07
1971,4,16,4.26
1971,4,23,4.31
1971,4,30,4.65
1971,5,7,4.86
1971,5,14,4.96
1971,5,21,5.20
1971,5,28,5.12
1971,6,4,5.05
1971,6,11,5.40
1971,6,18,5.81
1971,6,25,5.86
1971,7,2,6.18
1971,7,9,6.06
1971,7,16,5.83
1971,7,23,6.03
1971,7,30,6.20
1971,8,6,6.21
1971,8,13,6.22
1971,8,20,5.51
1971,8,27,5.47
1971,9,3,5.34
1971,9,10,5.39
1971,9,17,5.47
1971,9,24,5.44
1971,10,1,5.33
1971,10,8,5.12
1971,10,15,4.90
1971,10,22,4.85
1971,10,29,4.66
1971,11,5,4.57
1971,11,12,4.69
1971,11,19,4.60
1971,11,26,4.76
1971,12,3,4.72
1971,12,10,4.67
1971,12,17,4.64
1971,12,24,4.61
1971,12,31,4.45
1972,1,7,4.41
1972,1,14,4.14
1972,1,21,4.22
1972,1,28,4.33
1972,2,4,4.40
1972,2,11,4.27
1972,2,18,4.16
1972,2,25,4.26
1972,3,3,4.28
1972,3,10,4.35
1972,3,17,4.80
1972,3,24,4.84
1972,3,31,5.02
1972,4,7,5.17
1972,4,14,5.12
1972,4,21,4.93
1972,4,28,4.64
1972,5,5,4.60
1972,5,12,4.66
1972,5,19,4.69
1972,5,26,4.61
1972,6,2,4.69
1972,6,9,4.85
1972,6,16,4.86
1972,6,23,4.96
1972,6,30,5.11
1972,7,7,5.08
1972,7,14,5.04
1972,7,21,4.91
1972,7,28,4.87
1972,8,4,4.82
1972,8,11,4.83
1972,8,18,4.84
1972,8,25,5.09
1972,9,1,5.39
1972,9,8,5.46
1972,9,15,5.51
1972,9,22,5.54
1972,9,29,5.60
1972,10,6,5.60
1972,10,13,5.53
1972,10,20,5.53
1972,10,27,5.44
1972,11,3,5.38
1972,11,10,5.27
1972,11,17,5.20
1972,11,24,5.25
1972,12,1,5.35
1972,12,8,5.44
1972,12,15,5.48
1972,12,22,5.57
1972,12,29,5.64
1973,1,5,5.70
1973,1,12,5.78
1973,1,19,5.89
1973,1,26,6.03
1973,2,2,6.15
1973,2,9,6.16
1973,2,16,6.04
1973,2,23,6.20
1973,3,2,6.43
1973,3,9,6.64
1973,3,16,6.90
1973,3,23,7.03
1973,3,30,7.00
1973,4,6,7.01
1973,4,13,6.82
1973,4,20,6.76
1973,4,27,6.79
1973,5,4,6.83
1973,5,11,6.77
1973,5,18,6.78
1973,5,25,7.03
1973,6,1,7.16
1973,6,8,7.22
1973,6,15,7.20
1973,6,22,7.29
1973,6,29,7.53
1973,7,6,8.05
1973,7,13,8.12
1973,7,20,8.41
1973,7,27,8.72
1973,8,3,8.90
1973,8,10,9.18
1973,8,17,8.89
1973,8,24,8.66
1973,8,31,8.50
1973,9,7,8.39
1973,9,14,8.59
1973,9,21,8.40
1973,9,28,7.87
1973,10,5,7.67
1973,10,12,7.43
1973,10,19,7.38
1973,10,26,7.21
1973,11,2,7.26
1973,11,9,7.73
1973,11,16,7.89
1973,11,23,7.48
1973,11,30,7.26
1973,12,7,7.45
1973,12,14,7.25
1973,12,21,7.08
1973,12,28,7.32
1974,1,4,7.32
1974,1,11,7.39
1974,1,18,7.49
1974,1,25,7.54
1974,2,1,7.23
1974,2,8,6.80
1974,2,15,6.81
1974,2,22,6.85
1974,3,1,7.11
1974,3,8,7.30
1974,3,15,7.43
1974,3,22,8.06
1974,3,29,8.35
1974,4,5,8.47
1974,4,12,8.58
1974,4,19,8.58
1974,4,26,8.71
1974,5,3,9.00
1974,5,10,9.19
1974,5,17,8.76
1974,5,24,8.46
1974,5,31,8.54
1974,6,7,8.63
1974,6,14,8.63
1974,6,21,8.60
1974,6,28,8.82
1974,7,5,9.04
1974,7,12,9.00
1974,7,19,8.61
1974,7,26,8.49
1974,8,2,9.03
1974,8,9,9.08
1974,8,16,9.09
1974,8,23,9.53
1974,8,30,9.83
1974,9,6,9.59
1974,9,13,9.09
1974,9,20,8.68
1974,9,27,8.41
1974,10,4,8.31
1974,10,11,7.97
1974,10,18,8.09
1974,10,25,7.89
1974,11,1,8.00
1974,11,8,7.80
1974,11,15,7.59
1974,11,22,7.55
1974,11,29,7.63
1974,12,6,7.55
1974,12,13,7.24
1974,12,20,7.10
1974,12,27,7.33
1975,1,3,7.29
1975,1,10,7.01
1975,1,17,7.02
1975,1,24,6.70
1975,1,31,6.44
1975,2,7,5.93
1975,2,14,6.07
1975,2,21,5.86
1975,2,28,6.08
1975,3,7,6.06
1975,3,14,6.00
1975,3,21,6.09
1975,3,28,6.24
1975,4,4,6.65
1975,4,11,6.97
1975,4,18,6.83
1975,4,25,7.02
1975,5,2,6.89
1975,5,9,6.61
1975,5,16,6.30
1975,5,23,6.21
1975,5,30,6.26
1975,6,6,6.20
1975,6,13,5.89
1975,6,20,6.20
1975,6,27,6.74
1975,7,4,6.92
1975,7,11,6.96
1975,7,18,6.97
1975,7,25,7.30
1975,8,1,7.38
1975,8,8,7.63
1975,8,15,7.73
1975,8,22,7.80
1975,8,29,7.71
1975,9,5,7.62
1975,9,12,7.70
1975,9,19,7.88
1975,9,26,7.75
1975,10,3,7.70
1975,10,10,7.25
1975,10,17,7.00
1975,10,24,6.73
1975,10,31,6.44
1975,11,7,6.30
1975,11,14,6.38
1975,11,21,6.58
1975,11,28,6.68
1975,12,5,6.75
1975,12,12,6.88
1975,12,19,6.65
1975,12,26,6.32
1976,1,2,6.18
1976,1,9,5.96
1976,1,16,5.77
1976,1,23,5.74
1976,1,30,5.68
1976,2,6,5.82
1976,2,13,5.82
1976,2,20,5.96
1976,2,27,6.02
1976,3,5,6.39
1976,3,12,6.23
1976,3,19,6.23
1976,3,26,6.06
1976,4,2,6.12
1976,4,9,5.96
1976,4,16,5.75
1976,4,23,5.84
1976,4,30,6.02
1976,5,7,6.09
1976,5,14,6.29
1976,5,21,6.54
1976,5,28,6.69
1976,6,4,6.69
1976,6,11,6.52
1976,6,18,6.48
1976,6,25,6.45
1976,7,2,6.46
1976,7,9,6.28
1976,7,16,6.12
1976,7,23,6.21
1976,7,30,6.11
1976,8,6,6.10
1976,8,13,6.02
1976,8,20,6.00
1976,8,27,5.93
1976,9,3,5.91
1976,9,10,5.89
1976,9,17,5.87
1976,9,24,5.76
1976,10,1,5.80
1976,10,8,5.63
1976,10,15,5.38
1976,10,22,5.41
1976,10,29,5.50
1976,11,5,5.45
1976,11,12,5.51
1976,11,19,5.33
1976,11,26,5.05
1976,12,3,4.92
1976,12,10,4.93
1976,12,17,4.91
1976,12,24,4.86
1976,12,31,4.87
1977,1,7,5.02
1977,1,14,5.22
1977,1,21,5.38
1977,1,28,5.50
1977,2,4,5.57
1977,2,11,5.40
1977,2,18,5.37
1977,2,25,5.54
1977,3,4,5.55
1977,3,11,5.52
1977,3,18,5.49
1977,3,25,5.49
1977,4,1,5.45
1977,4,8,5.43
1977,4,15,5.39
1977,4,22,5.41
1977,4,29,5.54
1977,5,6,5.67
1977,5,13,5.87
1977,5,20,5.93
1977,5,27,5.91
1977,6,3,5.86
1977,6,10,5.83
1977,6,17,5.80
1977,6,24,5.79
1977,7,1,5.72
1977,7,8,5.81
1977,7,15,5.88
1977,7,22,5.99
1977,7,29,6.08
1977,8,5,6.24
1977,8,12,6.34
1977,8,19,6.48
1977,8,26,6.42
1977,9,2,6.35
1977,9,9,6.41
1977,9,16,6.57
1977,9,23,6.55
1977,9,30,6.63
1977,10,7,6.79
1977,10,14,7.05
1977,10,21,7.07
1977,10,28,6.96
1977,11,4,7.05
1977,11,11,6.99
1977,11,18,6.92
1977,11,25,6.91
1977,12,2,6.91
1977,12,9,6.94
1977,12,16,6.94
1977,12,23,6.97
1977,12,30,7.01
1978,1,6,7.03
1978,1,13,7.43
1978,1,20,7.34
1978,1,27,7.30
1978,2,3,7.28
1978,2,10,7.31
1978,2,17,7.38
1978,2,24,7.38
1978,3,3,7.34
1978,3,10,7.29
1978,3,17,7.28
1978,3,24,7.25
1978,3,31,7.39
1978,4,7,7.43
1978,4,14,7.40
1978,4,21,7.42
1978,4,28,7.57
1978,5,5,7.68
1978,5,12,7.78
1978,5,19,7.86
1978,5,26,7.93
1978,6,2,7.92
1978,6,9,7.89
1978,6,16,8.03
1978,6,23,8.22
1978,6,30,8.32
1978,7,7,8.34
1978,7,14,8.42
1978,7,21,8.42
1978,7,28,8.39
1978,8,4,8.23
1978,8,11,8.13
1978,8,18,8.38
1978,8,25,8.40
1978,9,1,8.47
1978,9,8,8.46
1978,9,15,8.56
1978,9,22,8.72
1978,9,29,8.81
1978,10,6,8.88
1978,10,13,8.93
1978,10,20,9.17
1978,10,27,9.24
1978,11,3,9.95
1978,11,10,10.16
1978,11,17,9.89
1978,11,24,9.92
1978,12,1,10.11
1978,12,8,10.14
1978,12,15,10.12
1978,12,22,10.49
1978,12,29,10.54
1979,1,5,10.51
1979,1,12,10.51
1979,1,19,10.50
1979,1,26,10.31
1979,2,2,10.13
1979,2,9,10.19
1979,2,16,10.19
1979,2,23,10.33
1979,3,2,10.36
1979,3,9,10.30
1979,3,16,10.31
1979,3,23,10.22
1979,3,30,10.11
1979,4,6,10.09
1979,4,13,10.24
1979,4,20,10.04
1979,4,27,10.12
1979,5,4,10.30
1979,5,11,10.27
1979,5,18,10.09
1979,5,25,9.95
1979,6,1,9.88
1979,6,8,9.74
1979,6,15,9.48
1979,6,22,9.61
1979,6,29,9.39
1979,7,6,9.44
1979,7,13,9.53
1979,7,20,9.70
1979,7,27,9.82
1979,8,3,9.72
1979,8,10,9.72
1979,8,17,9.95
1979,8,24,10.14
1979,8,31,10.28
1979,9,7,10.75
1979,9,14,10.91
1979,9,21,10.89
1979,9,28,10.81
1979,10,5,11.02
1979,10,12,12.50
1979,10,19,12.68
1979,10,26,13.31
1979,11,2,12.91
1979,11,9,12.94
1979,11,16,12.31
1979,11,23,12.45
1979,11,30,11.76
1979,12,7,11.93
1979,12,14,12.28
1979,12,21,11.91
1979,12,28,11.84
1980,1,4,12.02
1980,1,11,11.90
1980,1,18,11.92
1980,1,25,12.11
1980,2,1,12.36
1980,2,8,12.80
1980,2,15,13.22
1980,2,22,14.71
1980,2,29,15.24
1980,3,7,15.77
1980,3,14,15.68
1980,3,21,15.58
1980,3,28,16.25
1980,4,4,15.74
1980,4,11,14.68
1980,4,18,13.21
1980,4,25,11.86
1980,5,2,10.94
1980,5,9,9.77
1980,5,16,9.44
1980,5,23,9.02
1980,5,30,8.68
1980,6,6,8.56
1980,6,13,7.89
1980,6,20,7.87
1980,6,27,8.23
1980,7,4,8.51
1980,7,11,8.54
1980,7,18,8.57
1980,7,25,8.58
1980,8,1,9.13
1980,8,8,9.35
1980,8,15,9.71
1980,8,22,10.79
1980,8,29,11.28
1980,9,5,10.74
1980,9,12,11.12
1980,9,19,11.65
1980,9,26,12.07
1980,10,3,12.28
1980,10,10,11.99
1980,10,17,11.98
1980,10,24,12.56
1980,10,31,13.51
1980,11,7,13.97
1980,11,14,13.61
1980,11,21,14.20
1980,11,28,14.81
1980,12,5,15.18
1980,12,12,15.52
1980,12,19,15.44
1980,12,26,13.82
1981,1,2,13.86
1981,1,9,13.68
1981,1,16,13.91
1981,1,23,14.52
1981,1,30,14.24
1981,2,6,14.41
1981,2,13,14.92
1981,2,20,14.50
1981,2,27,14.50
1981,3,6,14.69
1981,3,13,13.92
1981,3,20,12.96
1981,3,27,13.51
1981,4,3,13.20
1981,4,10,13.98
1981,4,17,14.27
1981,4,24,14.70
1981,5,1,15.11
1981,5,8,16.36
1981,5,15,16.63
1981,5,22,16.44
1981,5,29,15.44
1981,6,5,15.22
1981,6,12,14.73
1981,6,19,14.67
1981,6,26,14.86
1981,7,3,14.94
1981,7,10,15.27
1981,7,17,15.34
1981,7,24,16.36
1981,7,31,16.13
1981,8,7,16.56
1981,8,14,16.45
1981,8,21,16.74
1981,8,28,17.07
1981,9,4,17.15
1981,9,11,16.93
1981,9,18,16.13
1981,9,25,16.05
1981,10,2,16.52
1981,10,9,15.53
1981,10,16,15.14
1981,10,23,15.34
1981,10,30,15.02
1981,11,6,13.83
1981,11,13,12.51
1981,11,20,11.88
1981,11,27,11.70
1981,12,4,12.00
1981,12,11,12.32
1981,12,18,12.79
1981,12,25,13.56
1982,1,1,13.68
1982,1,8,13.80
1982,1,15,14.39
1982,1,22,14.72
1982,1,29,14.37
1982,2,5,14.85
1982,2,12,15.11
1982,2,19,15.03
1982,2,26,14.08
1982,3,5,13.71
1982,3,12,13.73
1982,3,19,14.08
1982,3,26,14.01
1982,4,2,14.32
1982,4,9,14.20
1982,4,16,14.07
1982,4,23,13.86
1982,4,30,13.75
1982,5,7,13.71
1982,5,14,13.49
1982,5,21,13.18
1982,5,28,13.00
1982,6,4,13.46
1982,6,11,13.59
1982,6,18,14.22
1982,6,25,14.62
1982,7,2,14.41
1982,7,9,13.98
1982,7,16,13.46
1982,7,23,12.50
1982,7,30,12.73
1982,8,6,12.32
1982,8,13,12.23
1982,8,20,10.63
1982,8,27,10.63
1982,9,3,11.12
1982,9,10,11.05
1982,9,17,11.10
1982,9,24,10.67
1982,10,1,10.34
1982,10,8,10.05
1982,10,15,8.82
1982,10,22,8.89
1982,10,29,9.26
1982,11,5,9.03
1982,11,12,9.19
1982,11,19,9.23
1982,11,26,9.07
1982,12,3,9.26
1982,12,10,9.06
1982,12,17,8.83
1982,12,24,8.80
1982,12,31,8.75
1983,1,7,8.62
1983,1,14,8.41
1983,1,21,8.56
1983,1,28,8.83
1983,2,4,8.98
1983,2,11,9.06
1983,2,18,8.98
1983,2,25,8.67
1983,3,4,8.59
1983,3,11,8.93
1983,3,18,9.05
1983,3,25,9.28
1983,4,1,9.34
1983,4,8,9.17
1983,4,15,8.94
1983,4,22,8.98
1983,4,29,8.83
1983,5,6,8.64
1983,5,13,8.70
1983,5,20,8.93
1983,5,27,9.23
1983,6,3,9.43
1983,6,10,9.64
1983,6,17,9.54
1983,6,24,9.82
1983,7,1,9.78
1983,7,8,10.12
1983,7,15,10.27
1983,7,22,10.18
1983,7,29,10.31
1983,8,5,10.63
1983,8,12,10.77
1983,8,19,10.43
1983,8,26,10.27
1983,9,2,10.57
1983,9,9,10.38
1983,9,16,10.21
1983,9,23,10.01
1983,9,30,9.89
1983,10,7,9.77
1983,10,14,9.92
1983,10,21,9.69
1983,10,28,9.86
1983,11,4,9.92
1983,11,11,9.95
1983,11,18,9.92
1983,11,25,9.90
1983,12,2,10.01
1983,12,9,10.10
1983,12,16,10.15
1983,12,23,10.13
1983,12,30,10.09
1984,1,6,10.02
1984,1,13,9.91
1984,1,20,9.86
1984,1,27,9.87
1984,2,3,9.81
1984,2,10,9.94
1984,2,17,10.05
1984,2,24,10.21
1984,3,2,10.24
1984,3,9,10.33
1984,3,16,10.53
1984,3,23,10.85
1984,3,30,10.79
1984,4,6,10.91
1984,4,13,10.76
1984,4,20,10.94
1984,4,27,10.98
1984,5,4,11.19
1984,5,11,11.52
1984,5,18,11.68
1984,5,25,11.84
1984,6,1,12.10
1984,6,8,11.92
1984,6,15,12.02
1984,6,22,12.15
1984,6,29,12.28
1984,7,6,12.17
1984,7,13,12.10
1984,7,20,12.03
1984,7,27,11.90
1984,8,3,11.84
1984,8,10,11.80
1984,8,17,11.73
1984,8,24,11.80
1984,8,31,11.97
1984,9,7,11.95
1984,9,14,11.61
1984,9,21,11.41
1984,9,28,11.42
1984,10,5,11.39
1984,10,12,11.16
1984,10,19,10.93
1984,10,26,10.46
1984,11,2,10.31
1984,11,9,9.98
1984,11,16,9.99
1984,11,23,9.64
1984,11,30,9.55
1984,12,7,9.63
1984,12,14,9.49
1984,12,21,9.09
1984,12,28,9.10
1985,1,4,9.19
1985,1,11,9.04
1985,1,18,9.05
1985,1,25,8.90
1985,2,1,9.03
1985,2,8,9.18
1985,2,15,9.19
1985,2,22,9.30
1985,3,1,9.61
1985,3,8,9.89
1985,3,15,9.91
1985,3,22,9.97
1985,3,29,9.68
1985,4,5,9.54
1985,4,12,9.32
1985,4,19,8.95
1985,4,26,8.89
1985,5,3,8.92
1985,5,10,8.73
1985,5,17,8.52
1985,5,24,8.22
1985,5,31,8.09
1985,6,7,7.80
1985,6,14,7.85
1985,6,21,7.66
1985,6,28,7.91
1985,7,5,7.66
1985,7,12,7.73
1985,7,19,7.82
1985,7,26,8.03
1985,8,2,8.14
1985,8,9,8.15
1985,8,16,8.07
1985,8,23,7.95
1985,8,30,7.97
1985,9,6,8.04
1985,9,13,8.20
1985,9,20,8.11
1985,9,27,7.88
1985,10,4,7.96
1985,10,11,8.06
1985,10,18,8.01
1985,10,25,8.03
1985,11,1,7.97
1985,11,8,7.91
1985,11,15,7.89
1985,11,22,7.85
1985,11,29,7.87
1985,12,6,7.90
1985,12,13,7.65
1985,12,20,7.57
1985,12,27,7.59
1986,1,3,7.63
1986,1,10,7.74
1986,1,17,7.86
1986,1,24,7.73
1986,1,31,7.62
1986,2,7,7.63
1986,2,14,7.69
1986,2,21,7.62
1986,2,28,7.52
1986,3,7,7.22
1986,3,14,7.03
1986,3,21,7.01
1986,3,28,6.89
1986,4,4,6.67
1986,4,11,6.41
1986,4,18,6.21
1986,4,25,6.46
1986,5,2,6.56
1986,5,9,6.49
1986,5,16,6.65
1986,5,23,6.74
1986,5,30,6.79
1986,6,6,7.00
1986,6,13,6.85
1986,6,20,6.61
1986,6,27,6.54
1986,7,4,6.36
1986,7,11,6.29
1986,7,18,6.18
1986,7,25,6.25
1986,8,1,6.27
1986,8,8,6.16
1986,8,15,6.01
1986,8,22,5.85
1986,8,29,5.67
1986,9,5,5.66
1986,9,12,5.79
1986,9,19,5.81
1986,9,26,5.80
1986,10,3,5.79
1986,10,10,5.57
1986,10,17,5.73
1986,10,24,5.82
1986,10,31,5.74
1986,11,7,5.76
1986,11,14,5.89
1986,11,21,5.79
1986,11,28,5.77
1986,12,5,5.78
1986,12,12,5.83
1986,12,19,5.90
1986,12,26,5.92
1987,1,2,5.97
1987,1,9,5.80
1987,1,16,5.76
1987,1,23,5.69
1987,1,30,5.82
1987,2,6,5.92
1987,2,13,6.05
1987,2,20,5.98
1987,2,27,5.90
1987,3,6,5.94
1987,3,13,6.06
1987,3,20,5.99
1987,3,27,6.07
1987,4,3,6.18
1987,4,10,6.26
1987,4,17,6.60
1987,4,24,6.67
1987,5,1,6.76
1987,5,8,6.88
1987,5,15,7.03
1987,5,22,7.20
1987,5,29,6.95
1987,6,5,6.91
1987,6,12,6.80
1987,6,19,6.73
1987,6,26,6.77
1987,7,3,6.71
1987,7,10,6.61
1987,7,17,6.53
1987,7,24,6.71
1987,7,31,6.88
1987,8,7,6.96
1987,8,14,6.93
1987,8,21,7.01
1987,8,28,7.16
1987,9,4,7.41
1987,9,11,7.72
1987,9,18,7.65
1987,9,25,7.70
1987,10,2,7.88
1987,10,9,8.10
1987,10,16,8.33
1987,10,23,7.22
1987,10,30,6.73
1987,11,6,6.87
1987,11,13,6.96
1987,11,20,7.01
1987,11,27,7.02
1987,12,4,7.02
1987,12,11,7.24
1987,12,18,7.23
1987,12,25,7.19
1988,1,1,7.15
1988,1,8,7.15
1988,1,15,7.12
1988,1,22,6.90
1988,1,29,6.77
1988,2,5,6.65
1988,2,12,6.59
1988,2,19,6.70
1988,2,26,6.63
1988,3,4,6.63
1988,3,11,6.72
1988,3,18,6.63
1988,3,25,6.77
1988,4,1,6.78
1988,4,8,7.01
1988,4,15,6.92
1988,4,22,7.03
1988,4,29,7.07
1988,5,6,7.23
1988,5,13,7.33
1988,5,20,7.40
1988,5,27,7.58
1988,6,3,7.59
1988,6,10,7.46
1988,6,17,7.40
1988,6,24,7.53
1988,7,1,7.52
1988,7,8,7.62
1988,7,15,7.79
1988,7,22,7.79
1988,7,29,7.85
1988,8,5,7.89
1988,8,12,8.17
1988,8,19,8.27
1988,8,26,8.28
1988,9,2,8.24
1988,9,9,8.09
1988,9,16,8.01
1988,9,23,8.07
1988,9,30,8.18
1988,10,7,8.13
1988,10,14,8.07
1988,10,21,8.12
1988,10,28,8.13
1988,11,4,8.10
1988,11,11,8.35
1988,11,18,8.55
1988,11,25,8.71
1988,12,2,8.75
1988,12,9,8.89
1988,12,16,9.10
1988,12,23,9.00
1988,12,30,9.07
1989,1,6,9.17
1989,1,13,9.11
1989,1,20,8.96
1989,1,27,8.97
1989,2,3,9.05
1989,2,10,9.15
1989,2,17,9.27
1989,2,24,9.41
1989,3,3,9.40
1989,3,10,9.39
1989,3,17,9.56
1989,3,24,9.78
1989,3,31,9.71
1989,4,7,9.47
1989,4,14,9.48
1989,4,21,9.28
1989,4,28,9.22
1989,5,5,9.16
1989,5,12,9.05
1989,5,19,8.89
1989,5,26,8.86
1989,6,2,8.80
1989,6,9,8.40
1989,6,16,8.45
1989,6,23,8.53
1989,6,30,8.28
1989,7,7,7.97
1989,7,14,7.85
1989,7,21,7.96
1989,7,28,7.86
1989,8,4,7.73
1989,8,11,8.12
1989,8,18,8.30
1989,8,25,8.36
1989,9,1,8.32
1989,9,8,8.27
1989,9,15,8.07
1989,9,22,8.18
1989,9,29,8.38
1989,10,6,8.35
1989,10,13,8.00
1989,10,20,7.85
1989,10,27,7.81
1989,11,3,7.89
1989,11,10,7.87
1989,11,17,7.71
1989,11,24,7.64
1989,12,1,7.73
1989,12,8,7.73
1989,12,15,7.73
1989,12,22,7.66
1989,12,29,7.80
1990,1,5,7.82
1990,1,12,7.78
1990,1,19,7.97
1990,1,26,8.01
1990,2,2,8.09
1990,2,9,8.13
1990,2,16,8.05
1990,2,23,8.19
1990,3,2,8.14
1990,3,9,8.34
1990,3,16,8.42
1990,3,23,8.35
1990,3,30,8.34
1990,4,6,8.29
1990,4,13,8.29
1990,4,20,8.41
1990,4,27,8.57
1990,5,4,8.56
1990,5,11,8.36
1990,5,18,8.24
1990,5,25,8.22
1990,6,1,8.18
1990,6,8,8.08
1990,6,15,8.05
1990,6,22,8.14
1990,6,29,8.13
1990,7,6,8.06
1990,7,13,8.09
1990,7,20,7.87
1990,7,27,7.85
1990,8,3,7.67
1990,8,10,7.70
1990,8,17,7.73
1990,8,24,7.93
1990,8,31,7.85
1990,9,7,7.74
1990,9,14,7.75
1990,9,21,7.77
1990,9,28,7.79
1990,10,5,7.58
1990,10,12,7.62
1990,10,19,7.58
1990,10,26,7.50
1990,11,2,7.41
1990,11,9,7.35
1990,11,16,7.30
1990,11,23,7.29
1990,11,30,7.30
1990,12,7,7.24
1990,12,14,7.08
1990,12,21,6.96
1990,12,28,6.95
1991,1,4,6.78
1991,1,11,6.71
1991,1,18,6.62
1991,1,25,6.58
1991,2,1,6.51
1991,2,8,6.23
1991,2,15,6.20
1991,2,22,6.30
1991,3,1,6.40
1991,3,8,6.48
1991,3,15,6.32
1991,3,22,6.41
1991,3,29,6.34
1991,4,5,6.26
1991,4,12,6.22
1991,4,19,6.26
1991,4,26,6.25
1991,5,3,6.11
1991,5,10,6.13
1991,5,17,6.13
1991,5,24,6.15
1991,5,31,6.13
1991,6,7,6.30
1991,6,14,6.40
1991,6,21,6.37
1991,6,28,6.36
1991,7,5,6.40
1991,7,12,6.30
1991,7,19,6.32
1991,7,26,6.29
1991,8,2,6.18
1991,8,9,5.88
1991,8,16,5.72
1991,8,23,5.62
1991,8,30,5.74
1991,9,6,5.70
1991,9,13,5.58
1991,9,20,5.56
1991,9,27,5.50
1991,10,4,5.40
1991,10,11,5.36
1991,10,18,5.33
1991,10,25,5.39
1991,11,1,5.15
1991,11,8,5.00
1991,11,15,4.96
1991,11,22,4.82
1991,11,29,4.74
1991,12,6,4.61
1991,12,13,4.44
1991,12,20,4.35
1991,12,27,4.17
1992,1,3,4.14
1992,1,10,4.06
1992,1,17,4.17
1992,1,24,4.14
1992,1,31,4.23
1992,2,7,4.19
1992,2,14,4.19
1992,2,21,4.37
1992,2,28,4.41
1992,3,6,4.55
1992,3,13,4.64
1992,3,20,4.73
1992,3,27,4.64
1992,4,3,4.50
1992,4,10,4.25
1992,4,17,4.14
1992,4,24,4.32
1992,5,1,4.34
1992,5,8,4.25
1992,5,15,4.12
1992,5,22,4.12
1992,5,29,4.27
1992,6,5,4.27
1992,6,12,4.18
1992,6,19,4.12
1992,6,26,4.14
1992,7,3,3.96
1992,7,10,3.64
1992,7,17,3.53
1992,7,24,3.53
1992,7,31,3.57
1992,8,7,3.54
1992,8,14,3.43
1992,8,21,3.40
1992,8,28,3.52
1992,9,4,3.39
1992,9,11,3.17
1992,9,18,3.15
1992,9,25,3.16
1992,10,2,3.02
1992,10,9,3.09
1992,10,16,3.26
1992,10,23,3.48
1992,10,30,3.50
1992,11,6,3.58
1992,11,13,3.64
1992,11,20,3.73
1992,11,27,3.76
1992,12,4,3.82
1992,12,11,3.72
1992,12,18,3.76
1992,12,25,3.64
1993,1,1,3.62
1993,1,8,3.60
1993,1,15,3.50
1993,1,22,3.47
1993,1,29,3.41
1993,2,5,3.41
1993,2,12,3.45
1993,2,19,3.36
1993,2,26,3.31
1993,3,5,3.30
1993,3,12,3.39
1993,3,19,3.36
1993,3,26,3.30
1993,4,2,3.32
1993,4,9,3.31
1993,4,16,3.21
1993,4,23,3.18
1993,4,30,3.25
1993,5,7,3.23
1993,5,14,3.27
1993,5,21,3.40
1993,5,28,3.55
1993,6,4,3.58
1993,6,11,3.61
1993,6,18,3.49
1993,6,25,3.53
1993,7,2,3.42
1993,7,9,3.42
1993,7,16,3.41
1993,7,23,3.53
1993,7,30,3.57
1993,8,6,3.55
1993,8,13,3.48
1993,8,20,3.41
1993,8,27,3.37
1993,9,3,3.34
1993,9,10,3.32
1993,9,17,3.38
1993,9,24,3.39
1993,10,1,3.35
1993,10,8,3.35
1993,10,15,3.36
1993,10,22,3.40
1993,10,29,3.46
1993,11,5,3.56
1993,11,12,3.55
1993,11,19,3.58
1993,11,26,3.61
1993,12,3,3.62
1993,12,10,3.60
1993,12,17,3.61
1993,12,24,3.60
1993,12,31,3.61
1994,1,7,3.63
1994,1,14,3.52
1994,1,21,3.51
1994,1,28,3.51
1994,2,4,3.66
1994,2,11,3.85
1994,2,18,3.88
1994,2,25,4.01
1994,3,4,4.16
1994,3,11,4.28
1994,3,18,4.31
1994,3,25,4.36
1994,4,1,4.46
1994,4,8,4.71
1994,4,15,4.70
1994,4,22,4.90
1994,4,29,4.99
1994,5,6,5.23
1994,5,13,5.49
1994,5,20,5.23
1994,5,27,5.29
1994,6,3,5.31
1994,6,10,5.16
1994,6,17,5.18
1994,6,24,5.30
1994,7,1,5.47
1994,7,8,5.49
1994,7,15,5.49
1994,7,22,5.41
1994,7,29,5.51
1994,8,5,5.41
1994,8,12,5.60
1994,8,19,5.63
1994,8,26,5.61
1994,9,2,5.56
1994,9,9,5.62
1994,9,16,5.72
1994,9,23,5.85
1994,9,30,5.92
1994,10,7,6.07
1994,10,14,6.04
1994,10,21,6.10
1994,10,28,6.22
1994,11,4,6.28
1994,11,11,6.42
1994,11,18,6.58
1994,11,25,6.63
1994,12,2,6.89
1994,12,9,7.10
1994,12,16,7.20
1994,12,23,7.12
1994,12,30,7.21
1995,1,6,7.24
1995,1,13,7.12
1995,1,20,7.02
1995,1,27,6.95
1995,2,3,6.88
1995,2,10,6.79
1995,2,17,6.70
1995,2,24,6.54
1995,3,3,6.47
1995,3,10,6.54
1995,3,17,6.39
1995,3,24,6.37
1995,3,31,6.38
1995,4,7,6.38
1995,4,14,6.28
1995,4,21,6.17
1995,4,28,6.24
1995,5,5,6.16
1995,5,12,6.00
1995,5,19,5.98
1995,5,26,5.92
1995,6,2,5.71
1995,6,9,5.69
1995,6,16,5.66
1995,6,23,5.59
1995,6,30,5.65
1995,7,7,5.53
1995,7,14,5.47
1995,7,21,5.64
1995,7,28,5.72
1995,8,4,5.68
1995,8,11,5.71
1995,8,18,5.86
1995,8,25,5.81
1995,9,1,5.66
1995,9,8,5.63
1995,9,15,5.59
1995,9,22,5.57
1995,9,29,5.69
1995,10,6,5.61
1995,10,13,5.60
1995,10,20,5.59
1995,10,27,5.58
1995,11,3,5.48
1995,11,10,5.45
1995,11,17,5.43
1995,11,24,5.44
1995,12,1,5.39
1995,12,8,5.35
1995,12,15,5.35
1995,12,22,5.30
1995,12,29,5.21
1996,1,5,5.18
1996,1,12,5.17
1996,1,19,5.03
1996,1,26,5.05
1996,2,2,4.93
1996,2,9,4.85
1996,2,16,4.81
1996,2,23,5.04
1996,3,1,5.14
1996,3,8,5.15
1996,3,15,5.41
1996,3,22,5.44
1996,3,29,5.42
1996,4,5,5.48
1996,4,12,5.62
1996,4,19,5.51
1996,4,26,5.52
1996,5,3,5.63
1996,5,10,5.67
1996,5,17,5.59
1996,5,24,5.59
1996,5,31,5.70
1996,6,7,5.78
1996,6,14,5.86
1996,6,21,5.82
1996,6,28,5.79
1996,7,5,5.82
1996,7,12,5.90
1996,7,19,5.80
1996,7,26,5.85
1996,8,2,5.80
1996,8,9,5.60
1996,8,16,5.62
1996,8,23,5.64
1996,8,30,5.81
1996,9,6,5.95
1996,9,13,5.88
1996,9,20,5.82
1996,9,27,5.72
1996,10,4,5.61
1996,10,11,5.57
1996,10,18,5.55
1996,10,25,5.56
1996,11,1,5.48
1996,11,8,5.44
1996,11,15,5.41
1996,11,22,5.42
1996,11,29,5.41
1996,12,6,5.42
1996,12,13,5.46
1996,12,20,5.51
1996,12,27,5.50
1997,1,3,5.55
1997,1,10,5.61
1997,1,17,5.61
1997,1,24,5.61
1997,1,31,5.62
1997,2,7,5.53
1997,2,14,5.49
1997,2,21,5.47
1997,2,28,5.60
1997,3,7,5.70
1997,3,14,5.72
1997,3,21,5.81
1997,3,28,5.94
1997,4,4,5.99
1997,4,11,5.99
1997,4,18,5.98
1997,4,25,6.01
1997,5,2,5.93
1997,5,9,5.90
1997,5,16,5.86
1997,5,23,5.85
1997,5,30,5.86
1997,6,6,5.76
1997,6,13,5.72
1997,6,20,5.65
1997,6,27,5.65
1997,7,4,5.63
1997,7,11,5.54
1997,7,18,5.56
1997,7,25,5.54
1997,8,1,5.48
1997,8,8,5.55
1997,8,15,5.59
1997,8,22,5.54
1997,8,29,5.59
1997,9,5,5.58
1997,9,12,5.59
1997,9,19,5.48
1997,9,26,5.47
1997,10,3,5.45
1997,10,10,5.45
1997,10,17,5.52
1997,10,24,5.53
1997,10,31,5.35
1997,11,7,5.44
1997,11,14,5.44
1997,11,21,5.46
1997,11,28,5.50
1997,12,5,5.54
1997,12,12,5.53
1997,12,19,5.49
1997,12,26,5.55
1998,1,2,5.52
1998,1,9,5.25
1998,1,16,5.18
1998,1,23,5.22
1998,1,30,5.28
1998,2,6,5.26
1998,2,13,5.28
1998,2,20,5.28
1998,2,27,5.42
1998,3,6,5.43
1998,3,13,5.37
1998,3,20,5.36
1998,3,27,5.39
1998,4,3,5.36
1998,4,10,5.30
1998,4,17,5.39
1998,4,24,5.40
1998,5,1,5.45
1998,5,8,5.43
1998,5,15,5.46
1998,5,22,5.45
1998,5,29,5.43
1998,6,5,5.42
1998,6,12,5.42
1998,6,19,5.40
1998,6,26,5.41
1998,7,3,5.38
1998,7,10,5.34
1998,7,17,5.36
1998,7,24,5.36
1998,7,31,5.37
1998,8,7,5.31
1998,8,14,5.23
1998,8,21,5.24
1998,8,28,5.10
1998,9,4,4.91
1998,9,11,4.76
1998,9,18,4.76
1998,9,25,4.61
1998,10,2,4.41
1998,10,9,4.18
1998,10,16,4.14
1998,10,23,4.01
1998,10,30,4.10
1998,11,6,4.46
1998,11,13,4.52
1998,11,20,4.54
1998,11,27,4.59
1998,12,4,4.46
1998,12,11,4.49
1998,12,18,4.47
1998,12,25,4.63
1999,1,1,4.59
1999,1,8,4.55
1999,1,15,4.51
1999,1,22,4.49
1999,1,29,4.51
1999,2,5,4.61
1999,2,12,4.67
1999,2,19,4.71
1999,2,26,4.82
1999,3,5,4.89
1999,3,12,4.77
1999,3,19,4.74
1999,3,26,4.75
1999,4,2,4.72
1999,4,9,4.66
1999,4,16,4.67
1999,4,23,4.70
1999,4,30,4.73
1999,5,7,4.78
1999,5,14,4.79
1999,5,21,4.89
1999,5,28,4.93
1999,6,4,5.08
1999,6,11,5.12
1999,6,18,5.03
1999,6,25,5.14
1999,7,2,5.11
1999,7,9,5.06
1999,7,16,5.01
1999,7,23,4.98
1999,7,30,5.07
1999,8,6,5.13
1999,8,13,5.23
1999,8,20,5.20
1999,8,27,5.19
1999,9,3,5.29
1999,9,10,5.28
1999,9,17,5.26
1999,9,24,5.23
1999,10,1,5.24
1999,10,8,5.34
1999,10,15,5.42
1999,10,22,5.47
1999,10,29,5.51
1999,11,5,5.45
1999,11,12,5.50
1999,11,19,5.56
1999,11,26,5.65
1999,12,3,5.73
1999,12,10,5.69
1999,12,17,5.85
1999,12,24,5.97
1999,12,31,5.95
2000,1,7,6.03
2000,1,14,6.12
2000,1,21,6.13
2000,1,28,6.17
2000,2,4,6.24
2000,2,11,6.20
2000,2,18,6.23
2000,2,25,6.22
2000,3,3,6.18
2000,3,10,6.18
2000,3,17,6.20
2000,3,24,6.24
2000,3,31,6.30
2000,4,7,6.17
2000,4,14,6.14
2000,4,21,6.09
2000,4,28,6.19
2000,5,5,6.24
2000,5,12,6.38
2000,5,19,6.40
2000,5,26,6.28
2000,6,2,6.30
2000,6,9,6.23
2000,6,16,6.14
2000,6,23,6.15
2000,6,30,6.13
2000,7,7,6.08
2000,7,14,6.09
2000,7,21,6.11
2000,7,28,6.06
2000,8,4,6.09
2000,8,11,6.17
2000,8,18,6.21
2000,8,25,6.20
2000,9,1,6.23
2000,9,8,6.20
2000,9,15,6.14
2000,9,22,6.09
2000,9,29,6.08
2000,10,6,6.06
2000,10,13,5.98
2000,10,20,5.94
2000,10,27,6.01
2000,11,3,6.11
2000,11,10,6.14
2000,11,17,6.09
2000,11,24,6.09
2000,12,1,6.00
2000,12,8,5.78
2000,12,15,5.73
2000,12,22,5.44
2000,12,29,5.34
2001,1,5,4.89
2001,1,12,4.79
2001,1,19,4.85
2001,1,26,4.83
2001,2,2,4.66
2001,2,9,4.72
2001,2,16,4.80
2001,2,23,4.69
2001,3,2,4.47
2001,3,9,4.47
2001,3,16,4.31
2001,3,23,4.17
2001,3,30,4.19
2001,4,6,4.00
2001,4,13,4.07
2001,4,20,4.04
2001,4,27,3.82
2001,5,4,3.90
2001,5,11,3.76
2001,5,18,3.76
2001,5,25,3.78
2001,6,1,3.70
2001,6,8,3.64
2001,6,15,3.59
2001,6,22,3.46
2001,6,29,3.60
2001,7,6,3.70
2001,7,13,3.62
2001,7,20,3.60
2001,7,27,3.59
2001,8,3,3.56
2001,8,10,3.50
2001,8,17,3.44
2001,8,24,3.45
2001,8,31,3.44
2001,9,7,3.43
2001,9,14,2.95
2001,9,21,2.60
2001,9,28,2.49
2001,10,5,2.40
2001,10,12,2.39
2001,10,19,2.37
2001,10,26,2.31
2001,11,2,2.11
2001,11,9,1.99
2001,11,16,2.24
2001,11,23,2.35
2001,11,30,2.23
2001,12,7,2.21
2001,12,14,2.17
2001,12,21,2.23
2001,12,28,2.28
2002,1,4,2.24
2002,1,11,2.13
2002,1,18,2.03
2002,1,25,2.18
2002,2,1,2.25
2002,2,8,2.19
2002,2,15,2.24
2002,2,22,2.24
2002,3,1,2.28
2002,3,8,2.41
2002,3,15,2.58
2002,3,22,2.66
2002,3,29,2.70
2002,4,5,2.64
2002,4,12,2.53
2002,4,19,2.42
2002,4,26,2.36
2002,5,3,2.33
2002,5,10,2.31
2002,5,17,2.40
2002,5,24,2.38
2002,5,31,2.35
2002,6,7,2.32
2002,6,14,2.24
2002,6,21,2.13
2002,6,28,2.10
2002,7,5,2.06
2002,7,12,2.00
2002,7,19,1.97
2002,7,26,1.88
2002,8,2,1.82
2002,8,9,1.67
2002,8,16,1.76
2002,8,23,1.81
2002,8,30,1.80
2002,9,6,1.70
2002,9,13,1.78
2002,9,20,1.73
2002,9,27,1.68
2002,10,4,1.55
2002,10,11,1.59
2002,10,18,1.77
2002,10,25,1.79
2002,11,1,1.51
2002,11,8,1.46
2002,11,15,1.46
2002,11,22,1.51
2002,11,29,1.55
2002,12,6,1.53
2002,12,13,1.47
2002,12,20,1.43
2002,12,27,1.41
2003,1,3,1.38
2003,1,10,1.41
2003,1,17,1.38
2003,1,24,1.32
2003,1,31,1.32
2003,2,7,1.32
2003,2,14,1.30
2003,2,21,1.30
2003,2,28,1.27
2003,3,7,1.22
2003,3,14,1.16
2003,3,21,1.32
2003,3,28,1.27
2003,4,4,1.19
2003,4,11,1.25
2003,4,18,1.33
2003,4,25,1.31
2003,5,2,1.25
2003,5,9,1.23
2003,5,16,1.20
2003,5,23,1.13
2003,5,30,1.13
2003,6,6,1.08
2003,6,13,0.97
2003,6,20,0.95
2003,6,27,1.02
2003,7,4,1.07
2003,7,11,1.08
2003,7,18,1.10
2003,7,25,1.13
2003,8,1,1.22
2003,8,8,1.26
2003,8,15,1.29
2003,8,22,1.33
2003,8,29,1.35
2003,9,5,1.33
2003,9,12,1.22
2003,9,19,1.21
2003,9,26,1.22
2003,10,3,1.17
2003,10,10,1.20
2003,10,17,1.29
2003,10,24,1.30
2003,10,31,1.30
2003,11,7,1.35
2003,11,14,1.36
2003,11,21,1.30
2003,11,28,1.35
2003,12,5,1.37
2003,12,12,1.31
2003,12,19,1.27
2003,12,26,1.28
2004,1,2,1.29
2004,1,9,1.29
2004,1,16,1.19
2004,1,23,1.20
2004,1,30,1.25
2004,2,6,1.28
2004,2,13,1.24
2004,2,20,1.23
2004,2,27,1.22
2004,3,5,1.23
2004,3,12,1.16
2004,3,19,1.18
2004,3,26,1.17
2004,4,2,1.23
2004,4,9,1.32
2004,4,16,1.41
2004,4,23,1.50
2004,4,30,1.55
2004,5,7,1.63
2004,5,14,1.83
2004,5,21,1.83
2004,5,28,1.82
2004,6,4,1.92
2004,6,11,2.07
2004,6,18,2.22
2004,6,25,2.16
2004,7,2,2.14
2004,7,9,2.04
2004,7,16,2.07
2004,7,23,2.12
2004,7,30,2.16
2004,8,6,2.07
2004,8,13,1.99
2004,8,20,1.98
2004,8,27,2.03
2004,9,3,2.03
2004,9,10,2.10
2004,9,17,2.09
2004,9,24,2.14
2004,10,1,2.20
2004,10,8,2.24
2004,10,15,2.18
2004,10,22,2.22
2004,10,29,2.27
2004,11,5,2.35
2004,11,12,2.47
2004,11,19,2.53
2004,11,26,2.60
2004,12,3,2.62
2004,12,10,2.60
2004,12,17,2.66
2004,12,24,2.71
2004,12,31,2.77
2005,1,7,2.82
2005,1,14,2.85
2005,1,21,2.87
2005,1,28,2.89
2005,2,4,2.95
2005,2,11,2.96
2005,2,18,3.05
2005,2,25,3.13
2005,3,4,3.20
2005,3,11,3.24
2005,3,18,3.31
2005,3,25,3.38
2005,4,1,3.38
2005,4,8,3.33
2005,4,15,3.32
2005,4,22,3.28
2005,4,29,3.33
2005,5,6,3.33
2005,5,13,3.35
2005,5,20,3.32
2005,5,27,3.32
2005,6,3,3.28
2005,6,10,3.30
2005,6,17,3.39
2005,6,24,3.40
2005,7,1,3.46
2005,7,8,3.52
2005,7,15,3.59
2005,7,22,3.68
2005,7,29,3.77
2005,8,5,3.84
2005,8,12,3.90
2005,8,19,3.89
2005,8,26,3.88
2005,9,2,3.77
2005,9,9,3.76
2005,9,16,3.82
2005,9,23,3.88
2005,9,30,3.97
2005,10,7,4.08
2005,10,14,4.14
2005,10,21,4.19
2005,10,28,4.26
2005,11,4,4.32
2005,11,11,4.35
2005,11,18,4.36
2005,11,25,4.30
2005,12,2,4.34
2005,12,9,4.35
2005,12,16,4.34
2005,12,23,4.37
2005,12,30,4.36
2006,1,6,4.37
2006,1,13,4.41
2006,1,20,4.43
2006,1,27,4.50
2006,2,3,4.60
2006,2,10,4.67
2006,2,17,4.70
2006,2,24,4.72
2006,3,3,4.74
2006,3,10,4.77
2006,3,17,4.76
2006,3,24,4.77
2006,3,31,4.82
2006,4,7,4.85
2006,4,14,4.91
2006,4,21,4.90
2006,4,28,4.94
2006,5,5,4.98
2006,5,12,5.01
2006,5,19,4.98
2006,5,26,4.99
2006,6,2,5.03
2006,6,9,5.04
2006,6,16,5.13
2006,6,23,5.24
2006,6,30,5.27
2006,7,7,5.27
2006,7,14,5.24
2006,7,21,5.22
2006,7,28,5.17
2006,8,4,5.10
2006,8,11,5.09
2006,8,18,5.10
2006,8,25,5.07
2006,9,1,5.03
2006,9,8,5.02
2006,9,15,5.02
2006,9,22,4.97
2006,9,29,4.90
2006,10,6,4.90
2006,10,13,5.03
2006,10,20,5.05
2006,10,27,5.07
2006,11,3,5.00
2006,11,10,5.03
2006,11,17,5.03
2006,11,24,5.01
2006,12,1,4.95
2006,12,8,4.90
2006,12,15,4.95
2006,12,22,4.96
2006,12,29,4.99
2007,1,5,4.98
2007,1,12,5.03
2007,1,19,5.08
2007,1,26,5.10
2007,2,2,5.10
2007,2,9,5.07
2007,2,16,5.07
2007,2,23,5.05
2007,3,2,4.96
2007,3,9,4.92
2007,3,16,4.93
2007,3,23,4.93
2007,3,30,4.90
2007,4,6,4.94
2007,4,13,4.97
2007,4,20,4.93
2007,4,27,4.90
2007,5,4,4.90
2007,5,11,4.89
2007,5,18,4.86
2007,5,25,4.95
2007,6,1,4.96
2007,6,8,4.98
2007,6,15,4.98
2007,6,22,4.95
2007,6,29,4.94
2007,7,6,4.99
2007,7,13,5.00
2007,7,20,4.99
2007,7,27,4.91
2007,8,3,4.83
2007,8,10,4.78
2007,8,17,4.44
2007,8,24,4.16
2007,8,31,4.30
2007,9,7,4.27
2007,9,14,4.15
2007,9,21,4.11
2007,9,28,4.05
2007,10,5,4.12
2007,10,12,4.24
2007,10,19,4.14
2007,10,26,3.97
2007,11,2,3.93
2007,11,9,3.72
2007,11,16,3.58
2007,11,23,3.30
2007,11,30,3.25
2007,12,7,3.17
2007,12,14,3.20
2007,12,21,3.28
2007,12,28,3.42
2008,1,4,3.18
2008,1,11,3.04
2008,1,18,2.83
2008,1,25,2.31
2008,2,1,2.23
2008,2,8,2.08
2008,2,15,2.04
2008,2,22,2.10
2008,2,29,1.98
2008,3,7,1.66
2008,3,14,1.52
2008,3,21,1.35
2008,3,28,1.60
2008,4,4,1.63
2008,4,11,1.63
2008,4,18,1.67
2008,4,25,1.88
2008,5,2,1.93
2008,5,9,1.94
2008,5,16,2.07
2008,5,23,2.09
2008,5,30,2.19
2008,6,6,2.14
2008,6,13,2.51
2008,6,20,2.57
2008,6,27,2.46
2008,7,4,2.35
2008,7,11,2.25
2008,7,18,2.21
2008,7,25,2.33
2008,8,1,2.30
2008,8,8,2.23
2008,8,15,2.18
2008,8,22,2.12
2008,8,29,2.17
2008,9,5,2.08
2008,9,12,2.05
2008,9,19,1.69
2008,9,26,1.95
2008,10,3,1.59
2008,10,10,1.24
2008,10,17,1.25
2008,10,24,1.66
2008,10,31,1.44
2008,11,7,1.24
2008,11,14,1.12
2008,11,21,0.96
2008,11,28,0.93
2008,12,5,0.69
2008,12,12,0.50
2008,12,19,0.45
2008,12,26,0.40
2009,1,2,0.37
2009,1,9,0.44
2009,1,16,0.43
2009,1,23,0.43
2009,1,30,0.49
2009,2,6,0.54
2009,2,13,0.60
2009,2,20,0.64
2009,2,27,0.72
2009,3,6,0.68
2009,3,13,0.70
2009,3,20,0.64
2009,3,27,0.59
2009,4,3,0.58
2009,4,10,0.60
